{
  "edit newReq" : {
    "transaction" : "edit newReq",
    "sampleCount" : 10,
    "errorCount" : 0,
    "errorPct" : 0.0,
    "meanResTime" : 1450.1000000000001,
    "medianResTime" : 1308.0,
    "minResTime" : 1166.0,
    "maxResTime" : 2436.0,
    "pct1ResTime" : 2356.7000000000003,
    "pct2ResTime" : 2436.0,
    "pct3ResTime" : 2436.0,
    "throughput" : 1.0900370612600827,
    "receivedKBytesPerSec" : 0.6684992914759103,
    "sentKBytesPerSec" : 6763.833783825213
  },
  "edit machine" : {
    "transaction" : "edit machine",
    "sampleCount" : 10,
    "errorCount" : 0,
    "errorPct" : 0.0,
    "meanResTime" : 162.1,
    "medianResTime" : 150.5,
    "minResTime" : 139.0,
    "maxResTime" : 229.0,
    "pct1ResTime" : 225.5,
    "pct2ResTime" : 229.0,
    "pct3ResTime" : 229.0,
    "throughput" : 1.2631047113805736,
    "receivedKBytesPerSec" : 1.9230275830491348,
    "sentKBytesPerSec" : 0.4699637646835923
  },
  "Total" : {
    "transaction" : "Total",
    "sampleCount" : 70,
    "errorCount" : 0,
    "errorPct" : 0.0,
    "meanResTime" : 419.6571428571429,
    "medianResTime" : 219.5,
    "minResTime" : 139.0,
    "maxResTime" : 2436.0,
    "pct1ResTime" : 1225.0,
    "pct2ResTime" : 1497.2500000000007,
    "pct3ResTime" : 2436.0,
    "throughput" : 6.8212824010914055,
    "receivedKBytesPerSec" : 9.852223311732605,
    "sentKBytesPerSec" : 6049.011504062317
  },
  "edit rm" : {
    "transaction" : "edit rm",
    "sampleCount" : 10,
    "errorCount" : 0,
    "errorPct" : 0.0,
    "meanResTime" : 165.6,
    "medianResTime" : 148.0,
    "minResTime" : 139.0,
    "maxResTime" : 267.0,
    "pct1ResTime" : 260.6,
    "pct2ResTime" : 267.0,
    "pct3ResTime" : 267.0,
    "throughput" : 1.2764871074802144,
    "receivedKBytesPerSec" : 1.9546208833290786,
    "sentKBytesPerSec" : 0.4649704014551953
  },
  "edit company" : {
    "transaction" : "edit company",
    "sampleCount" : 10,
    "errorCount" : 0,
    "errorPct" : 0.0,
    "meanResTime" : 384.5,
    "medianResTime" : 272.5,
    "minResTime" : 250.0,
    "maxResTime" : 1081.0,
    "pct1ResTime" : 1024.3000000000002,
    "pct2ResTime" : 1081.0,
    "pct3ResTime" : 1081.0,
    "throughput" : 1.1032656663724625,
    "receivedKBytesPerSec" : 1.8057356023830538,
    "sentKBytesPerSec" : 0.4503564927184466
  },
  "edit plant" : {
    "transaction" : "edit plant",
    "sampleCount" : 10,
    "errorCount" : 0,
    "errorPct" : 0.0,
    "meanResTime" : 195.4,
    "medianResTime" : 168.5,
    "minResTime" : 161.0,
    "maxResTime" : 315.0,
    "pct1ResTime" : 306.8,
    "pct2ResTime" : 315.0,
    "pct3ResTime" : 315.0,
    "throughput" : 1.2281994595922379,
    "receivedKBytesPerSec" : 2.0438006632277084,
    "sentKBytesPerSec" : 0.5517302259887006
  },
  "edit human info" : {
    "transaction" : "edit human info",
    "sampleCount" : 10,
    "errorCount" : 0,
    "errorPct" : 0.0,
    "meanResTime" : 168.6,
    "medianResTime" : 161.0,
    "minResTime" : 139.0,
    "maxResTime" : 216.0,
    "pct1ResTime" : 215.7,
    "pct2ResTime" : 216.0,
    "pct3ResTime" : 216.0,
    "throughput" : 1.2528188423953897,
    "receivedKBytesPerSec" : 1.9966800300676522,
    "sentKBytesPerSec" : 0.49917000751691304
  },
  "edit newStyle" : {
    "transaction" : "edit newStyle",
    "sampleCount" : 10,
    "errorCount" : 0,
    "errorPct" : 0.0,
    "meanResTime" : 411.3,
    "medianResTime" : 298.5,
    "minResTime" : 271.0,
    "maxResTime" : 1087.0,
    "pct1ResTime" : 1037.7000000000003,
    "pct2ResTime" : 1087.0,
    "pct3ResTime" : 1087.0,
    "throughput" : 1.0996261271167802,
    "receivedKBytesPerSec" : 1.7031318726632947,
    "sentKBytesPerSec" : 0.3983997003518804
  }
}