{
  "get rms" : {
    "transaction" : "get rms",
    "sampleCount" : 100,
    "errorCount" : 0,
    "errorPct" : 0.0,
    "meanResTime" : 182.97000000000003,
    "medianResTime" : 188.0,
    "minResTime" : 132.0,
    "maxResTime" : 499.0,
    "pct1ResTime" : 207.70000000000002,
    "pct2ResTime" : 254.0,
    "pct3ResTime" : 497.8099999999994,
    "throughput" : 1.0197214121102116,
    "receivedKBytesPerSec" : 17.69873892327616,
    "sentKBytesPerSec" : 0.14439414526951236
  },
  "get newStyles" : {
    "transaction" : "get newStyles",
    "sampleCount" : 100,
    "errorCount" : 0,
    "errorPct" : 0.0,
    "meanResTime" : 248.85000000000008,
    "medianResTime" : 222.0,
    "minResTime" : 212.0,
    "maxResTime" : 871.0,
    "pct1ResTime" : 279.5,
    "pct2ResTime" : 436.2999999999996,
    "pct3ResTime" : 867.9599999999984,
    "throughput" : 1.009234495635061,
    "receivedKBytesPerSec" : 11.810211876166928,
    "sentKBytesPerSec" : 0.15670730938083466
  },
  "get prodAssemblyRMs" : {
    "transaction" : "get prodAssemblyRMs",
    "sampleCount" : 100,
    "errorCount" : 0,
    "errorPct" : 0.0,
    "meanResTime" : 245.78000000000006,
    "medianResTime" : 222.0,
    "minResTime" : 210.0,
    "maxResTime" : 829.0,
    "pct1ResTime" : 281.4000000000001,
    "pct2ResTime" : 401.0,
    "pct3ResTime" : 827.6499999999993,
    "throughput" : 1.0086644274316379,
    "receivedKBytesPerSec" : 1.8104738453313967,
    "sentKBytesPerSec" : 0.16646903148041678
  },
  "get plants" : {
    "transaction" : "get plants",
    "sampleCount" : 100,
    "errorCount" : 0,
    "errorPct" : 0.0,
    "meanResTime" : 213.12000000000003,
    "medianResTime" : 202.0,
    "minResTime" : 144.0,
    "maxResTime" : 529.0,
    "pct1ResTime" : 234.70000000000007,
    "pct2ResTime" : 337.6499999999997,
    "pct3ResTime" : 528.3699999999997,
    "throughput" : 1.0160433240873392,
    "receivedKBytesPerSec" : 23.03659946810132,
    "sentKBytesPerSec" : 0.15181116072789344
  },
  "get newReqs" : {
    "transaction" : "get newReqs",
    "sampleCount" : 100,
    "errorCount" : 0,
    "errorPct" : 0.0,
    "meanResTime" : 229.89000000000001,
    "medianResTime" : 219.0,
    "minResTime" : 143.0,
    "maxResTime" : 539.0,
    "pct1ResTime" : 277.9000000000001,
    "pct2ResTime" : 341.54999999999967,
    "pct3ResTime" : 538.3899999999996,
    "throughput" : 1.015310888193965,
    "receivedKBytesPerSec" : 18.687074521280916,
    "sentKBytesPerSec" : 0.15963384081955895
  },
  "get styleFormations" : {
    "transaction" : "get styleFormations",
    "sampleCount" : 100,
    "errorCount" : 0,
    "errorPct" : 0.0,
    "meanResTime" : 137.73000000000002,
    "medianResTime" : 126.0,
    "minResTime" : 120.0,
    "maxResTime" : 361.0,
    "pct1ResTime" : 151.60000000000002,
    "pct2ResTime" : 209.04999999999956,
    "pct3ResTime" : 360.93999999999994,
    "throughput" : 1.0196278358399185,
    "receivedKBytesPerSec" : 1.2357013127708385,
    "sentKBytesPerSec" : 0.15035527657405046
  },
  "get styleSPOps" : {
    "transaction" : "get styleSPOps",
    "sampleCount" : 100,
    "errorCount" : 0,
    "errorPct" : 0.0,
    "meanResTime" : 314.91,
    "medianResTime" : 288.0,
    "minResTime" : 278.0,
    "maxResTime" : 889.0,
    "pct1ResTime" : 345.8,
    "pct2ResTime" : 488.39999999999986,
    "pct3ResTime" : 886.9399999999989,
    "throughput" : 1.008206803379509,
    "receivedKBytesPerSec" : 23.2429082103321,
    "sentKBytesPerSec" : 0.17131639041800253
  },
  "get human info" : {
    "transaction" : "get human info",
    "sampleCount" : 100,
    "errorCount" : 0,
    "errorPct" : 0.0,
    "meanResTime" : 141.48000000000005,
    "medianResTime" : 129.5,
    "minResTime" : 123.0,
    "maxResTime" : 486.0,
    "pct1ResTime" : 161.40000000000003,
    "pct2ResTime" : 209.4999999999999,
    "pct3ResTime" : 484.11999999999904,
    "throughput" : 1.0190875090444016,
    "receivedKBytesPerSec" : 7.483923894544825,
    "sentKBytesPerSec" : 0.15226600476932955
  },
  "get styleApplications" : {
    "transaction" : "get styleApplications",
    "sampleCount" : 100,
    "errorCount" : 0,
    "errorPct" : 0.0,
    "meanResTime" : 155.75000000000003,
    "medianResTime" : 145.0,
    "minResTime" : 122.0,
    "maxResTime" : 414.0,
    "pct1ResTime" : 188.20000000000005,
    "pct2ResTime" : 218.34999999999985,
    "pct3ResTime" : 413.65999999999985,
    "throughput" : 1.0199398235504105,
    "receivedKBytesPerSec" : 1.4930564409199858,
    "sentKBytesPerSec" : 0.16633784231730328
  },
  "get machines" : {
    "transaction" : "get machines",
    "sampleCount" : 100,
    "errorCount" : 0,
    "errorPct" : 0.0,
    "meanResTime" : 143.45000000000005,
    "medianResTime" : 134.0,
    "minResTime" : 125.0,
    "maxResTime" : 349.0,
    "pct1ResTime" : 160.70000000000002,
    "pct2ResTime" : 191.1499999999998,
    "pct3ResTime" : 348.98,
    "throughput" : 1.0200022440049368,
    "receivedKBytesPerSec" : 9.719904196289232,
    "sentKBytesPerSec" : 0.14244171962178317
  },
  "Total" : {
    "transaction" : "Total",
    "sampleCount" : 1400,
    "errorCount" : 0,
    "errorPct" : 0.0,
    "meanResTime" : 216.8685714285714,
    "medianResTime" : 211.0,
    "minResTime" : 120.0,
    "maxResTime" : 889.0,
    "pct1ResTime" : 306.0,
    "pct2ResTime" : 342.9000000000001,
    "pct3ResTime" : 536.96,
    "throughput" : 14.037480071791684,
    "receivedKBytesPerSec" : 278.51707809852303,
    "sentKBytesPerSec" : 2.169856015561549
  },
  "get companies" : {
    "transaction" : "get companies",
    "sampleCount" : 100,
    "errorCount" : 0,
    "errorPct" : 0.0,
    "meanResTime" : 306.8299999999999,
    "medianResTime" : 285.5,
    "minResTime" : 273.0,
    "maxResTime" : 864.0,
    "pct1ResTime" : 311.9,
    "pct2ResTime" : 486.84999999999997,
    "pct3ResTime" : 861.2499999999986,
    "throughput" : 1.0092039399321815,
    "receivedKBytesPerSec" : 18.74024699004925,
    "sentKBytesPerSec" : 0.14191930405296302
  },
  "get prodAssemblies" : {
    "transaction" : "get prodAssemblies",
    "sampleCount" : 100,
    "errorCount" : 0,
    "errorPct" : 0.0,
    "meanResTime" : 144.2600000000001,
    "medianResTime" : 128.0,
    "minResTime" : 121.0,
    "maxResTime" : 433.0,
    "pct1ResTime" : 162.80000000000007,
    "pct2ResTime" : 220.74999999999994,
    "pct3ResTime" : 432.88999999999993,
    "throughput" : 1.016714791166782,
    "receivedKBytesPerSec" : 1.7107417824027005,
    "sentKBytesPerSec" : 0.16581188488755136
  },
  "get styleSspRMs" : {
    "transaction" : "get styleSspRMs",
    "sampleCount" : 100,
    "errorCount" : 0,
    "errorPct" : 0.0,
    "meanResTime" : 318.67999999999984,
    "medianResTime" : 306.0,
    "minResTime" : 265.0,
    "maxResTime" : 578.0,
    "pct1ResTime" : 346.8,
    "pct2ResTime" : 407.4499999999999,
    "pct3ResTime" : 577.91,
    "throughput" : 1.0142605026675051,
    "receivedKBytesPerSec" : 98.37138289348236,
    "sentKBytesPerSec" : 0.16343064740247887
  },
  "get sspAddToSps" : {
    "transaction" : "get sspAddToSps",
    "sampleCount" : 100,
    "errorCount" : 0,
    "errorPct" : 0.0,
    "meanResTime" : 252.4600000000001,
    "medianResTime" : 263.0,
    "minResTime" : 157.0,
    "maxResTime" : 519.0,
    "pct1ResTime" : 316.0,
    "pct2ResTime" : 356.5999999999999,
    "pct3ResTime" : 518.0599999999995,
    "throughput" : 1.0162704905537656,
    "receivedKBytesPerSec" : 46.747450113822296,
    "sentKBytesPerSec" : 0.16375452240368296
  }
}