{
  "create plant" : {
    "transaction" : "create plant",
    "sampleCount" : 50,
    "errorCount" : 0,
    "errorPct" : 0.0,
    "meanResTime" : 197.91999999999993,
    "medianResTime" : 171.0,
    "minResTime" : 158.0,
    "maxResTime" : 888.0,
    "pct1ResTime" : 223.5,
    "pct2ResTime" : 290.59999999999997,
    "pct3ResTime" : 888.0,
    "throughput" : 1.0357542362348262,
    "receivedKBytesPerSec" : 1.7181382576542237,
    "sentKBytesPerSec" : 0.7564242656502465
  },
  "create newStyle" : {
    "transaction" : "create newStyle",
    "sampleCount" : 50,
    "errorCount" : 0,
    "errorPct" : 0.0,
    "meanResTime" : 353.37999999999994,
    "medianResTime" : 290.5,
    "minResTime" : 262.0,
    "maxResTime" : 973.0,
    "pct1ResTime" : 530.9999999999998,
    "pct2ResTime" : 946.4999999999999,
    "pct3ResTime" : 973.0,
    "throughput" : 1.0183299389002036,
    "receivedKBytesPerSec" : 1.5673927571283095,
    "sentKBytesPerSec" : 0.4474088276476578
  },
  "create newReq" : {
    "transaction" : "create newReq",
    "sampleCount" : 50,
    "errorCount" : 0,
    "errorPct" : 0.0,
    "meanResTime" : 1249.66,
    "medianResTime" : 1221.0,
    "minResTime" : 1114.0,
    "maxResTime" : 1511.0,
    "pct1ResTime" : 1361.3,
    "pct2ResTime" : 1450.0999999999997,
    "pct3ResTime" : 1511.0,
    "throughput" : 1.0143839646182873,
    "receivedKBytesPerSec" : 0.6191308377797164,
    "sentKBytesPerSec" : 6294.3861336565
  },
  "create company" : {
    "transaction" : "create company",
    "sampleCount" : 50,
    "errorCount" : 0,
    "errorPct" : 0.0,
    "meanResTime" : 331.46000000000015,
    "medianResTime" : 279.5,
    "minResTime" : 248.0,
    "maxResTime" : 963.0,
    "pct1ResTime" : 465.7999999999999,
    "pct2ResTime" : 827.3499999999995,
    "pct3ResTime" : 963.0,
    "throughput" : 1.0187449062754685,
    "receivedKBytesPerSec" : 1.6270470405460473,
    "sentKBytesPerSec" : 0.6236231025876121
  },
  "create rm" : {
    "transaction" : "create rm",
    "sampleCount" : 50,
    "errorCount" : 0,
    "errorPct" : 0.0,
    "meanResTime" : 193.69999999999996,
    "medianResTime" : 171.5,
    "minResTime" : 163.0,
    "maxResTime" : 804.0,
    "pct1ResTime" : 213.6,
    "pct2ResTime" : 296.1999999999998,
    "pct3ResTime" : 804.0,
    "throughput" : 1.0428398615108665,
    "receivedKBytesPerSec" : 1.582081762555792,
    "sentKBytesPerSec" : 0.5589377242105702
  },
  "Total" : {
    "transaction" : "Total",
    "sampleCount" : 350,
    "errorCount" : 0,
    "errorPct" : 0.0,
    "meanResTime" : 390.58571428571435,
    "medianResTime" : 208.0,
    "minResTime" : 158.0,
    "maxResTime" : 1511.0,
    "pct1ResTime" : 1202.8000000000002,
    "pct2ResTime" : 1268.5,
    "pct3ResTime" : 1400.39,
    "throughput" : 6.964065422420312,
    "receivedKBytesPerSec" : 9.956709317422101,
    "sentKBytesPerSec" : 6176.791389244001
  },
  "create machine" : {
    "transaction" : "create machine",
    "sampleCount" : 50,
    "errorCount" : 0,
    "errorPct" : 0.0,
    "meanResTime" : 204.70000000000007,
    "medianResTime" : 181.0,
    "minResTime" : 166.0,
    "maxResTime" : 923.0,
    "pct1ResTime" : 200.9,
    "pct2ResTime" : 331.54999999999916,
    "pct3ResTime" : 923.0,
    "throughput" : 1.0424919728118094,
    "receivedKBytesPerSec" : 1.5756492444539425,
    "sentKBytesPerSec" : 0.5847321186564363
  },
  "create human info" : {
    "transaction" : "create human info",
    "sampleCount" : 50,
    "errorCount" : 0,
    "errorPct" : 0.0,
    "meanResTime" : 203.28,
    "medianResTime" : 180.0,
    "minResTime" : 168.0,
    "maxResTime" : 594.0,
    "pct1ResTime" : 256.19999999999993,
    "pct2ResTime" : 403.69999999999965,
    "pct3ResTime" : 594.0,
    "throughput" : 1.0382490967232858,
    "receivedKBytesPerSec" : 1.6343095254163378,
    "sentKBytesPerSec" : 0.6781875545080776
  }
}