{
  "edit newReq" : {
    "transaction" : "edit newReq",
    "sampleCount" : 50,
    "errorCount" : 0,
    "errorPct" : 0.0,
    "meanResTime" : 1248.04,
    "medianResTime" : 1220.0,
    "minResTime" : 1155.0,
    "maxResTime" : 1392.0,
    "pct1ResTime" : 1343.9,
    "pct2ResTime" : 1375.0,
    "pct3ResTime" : 1392.0,
    "throughput" : 1.0237510237510237,
    "receivedKBytesPerSec" : 0.6278473075348074,
    "sentKBytesPerSec" : 6352.5162680436115
  },
  "edit machine" : {
    "transaction" : "edit machine",
    "sampleCount" : 50,
    "errorCount" : 0,
    "errorPct" : 0.0,
    "meanResTime" : 158.0,
    "medianResTime" : 147.0,
    "minResTime" : 136.0,
    "maxResTime" : 366.0,
    "pct1ResTime" : 170.7,
    "pct2ResTime" : 252.64999999999958,
    "pct3ResTime" : 366.0,
    "throughput" : 1.0534521627372901,
    "receivedKBytesPerSec" : 1.6038397672924172,
    "sentKBytesPerSec" : 0.3919582753934644
  },
  "Total" : {
    "transaction" : "Total",
    "sampleCount" : 350,
    "errorCount" : 0,
    "errorPct" : 0.0,
    "meanResTime" : 361.1457142857146,
    "medianResTime" : 180.5,
    "minResTime" : 136.0,
    "maxResTime" : 1523.0,
    "pct1ResTime" : 1195.7,
    "pct2ResTime" : 1322.35,
    "pct3ResTime" : 1388.94,
    "throughput" : 6.949132351189294,
    "receivedKBytesPerSec" : 10.036881589266569,
    "sentKBytesPerSec" : 6162.383733880495
  },
  "edit rm" : {
    "transaction" : "edit rm",
    "sampleCount" : 50,
    "errorCount" : 0,
    "errorPct" : 0.0,
    "meanResTime" : 162.44,
    "medianResTime" : 154.0,
    "minResTime" : 138.0,
    "maxResTime" : 303.0,
    "pct1ResTime" : 194.49999999999997,
    "pct2ResTime" : 235.2499999999998,
    "pct3ResTime" : 303.0,
    "throughput" : 1.0571271512537528,
    "receivedKBytesPerSec" : 1.6187259503573088,
    "sentKBytesPerSec" : 0.38506682365004863
  },
  "edit company" : {
    "transaction" : "edit company",
    "sampleCount" : 50,
    "errorCount" : 0,
    "errorPct" : 0.0,
    "meanResTime" : 299.5200000000001,
    "medianResTime" : 264.0,
    "minResTime" : 240.0,
    "maxResTime" : 1523.0,
    "pct1ResTime" : 321.2,
    "pct2ResTime" : 486.8999999999988,
    "pct3ResTime" : 1523.0,
    "throughput" : 1.018267722949718,
    "receivedKBytesPerSec" : 1.6666178746716087,
    "sentKBytesPerSec" : 0.41566006659470905
  },
  "edit plant" : {
    "transaction" : "edit plant",
    "sampleCount" : 50,
    "errorCount" : 0,
    "errorPct" : 0.0,
    "meanResTime" : 179.92,
    "medianResTime" : 166.0,
    "minResTime" : 154.0,
    "maxResTime" : 375.0,
    "pct1ResTime" : 202.89999999999998,
    "pct2ResTime" : 324.9499999999999,
    "pct3ResTime" : 375.0,
    "throughput" : 1.04716427913211,
    "receivedKBytesPerSec" : 1.7425468082432773,
    "sentKBytesPerSec" : 0.4704058285163777
  },
  "edit human info" : {
    "transaction" : "edit human info",
    "sampleCount" : 50,
    "errorCount" : 0,
    "errorPct" : 0.0,
    "meanResTime" : 152.75999999999996,
    "medianResTime" : 145.5,
    "minResTime" : 138.0,
    "maxResTime" : 251.0,
    "pct1ResTime" : 171.6,
    "pct2ResTime" : 224.14999999999998,
    "pct3ResTime" : 251.0,
    "throughput" : 1.051325721735108,
    "receivedKBytesPerSec" : 1.6755503690153284,
    "sentKBytesPerSec" : 0.4188875922538321
  },
  "edit newStyle" : {
    "transaction" : "edit newStyle",
    "sampleCount" : 50,
    "errorCount" : 0,
    "errorPct" : 0.0,
    "meanResTime" : 327.33999999999986,
    "medianResTime" : 285.0,
    "minResTime" : 254.0,
    "maxResTime" : 1523.0,
    "pct1ResTime" : 363.69999999999993,
    "pct2ResTime" : 645.0999999999999,
    "pct3ResTime" : 1523.0,
    "throughput" : 1.017666693804445,
    "receivedKBytesPerSec" : 1.576190797240088,
    "sentKBytesPerSec" : 0.3687054134779777
  }
}