{
  "create plant" : {
    "transaction" : "create plant",
    "sampleCount" : 10,
    "errorCount" : 0,
    "errorPct" : 0.0,
    "meanResTime" : 185.5,
    "medianResTime" : 174.0,
    "minResTime" : 159.0,
    "maxResTime" : 253.0,
    "pct1ResTime" : 251.3,
    "pct2ResTime" : 253.0,
    "pct3ResTime" : 253.0,
    "throughput" : 1.2236906510034262,
    "receivedKBytesPerSec" : 2.029127661527166,
    "sentKBytesPerSec" : 0.893867780225159
  },
  "create newStyle" : {
    "transaction" : "create newStyle",
    "sampleCount" : 10,
    "errorCount" : 0,
    "errorPct" : 0.0,
    "meanResTime" : 394.2,
    "medianResTime" : 295.5,
    "minResTime" : 268.0,
    "maxResTime" : 1067.0,
    "pct1ResTime" : 1007.0000000000002,
    "pct2ResTime" : 1067.0,
    "pct3ResTime" : 1067.0,
    "throughput" : 1.0995052226498077,
    "receivedKBytesPerSec" : 1.6919925096206705,
    "sentKBytesPerSec" : 0.4829662589334799
  },
  "create newReq" : {
    "transaction" : "create newReq",
    "sampleCount" : 10,
    "errorCount" : 0,
    "errorPct" : 0.0,
    "meanResTime" : 1228.5,
    "medianResTime" : 1203.0,
    "minResTime" : 1138.0,
    "maxResTime" : 1331.0,
    "pct1ResTime" : 1329.0,
    "pct2ResTime" : 1331.0,
    "pct3ResTime" : 1331.0,
    "throughput" : 1.0860121633362294,
    "receivedKBytesPerSec" : 0.6628492207862728,
    "sentKBytesPerSec" : 6738.8391039042135
  },
  "create company" : {
    "transaction" : "create company",
    "sampleCount" : 10,
    "errorCount" : 0,
    "errorPct" : 0.0,
    "meanResTime" : 364.0,
    "medianResTime" : 277.5,
    "minResTime" : 252.0,
    "maxResTime" : 1060.0,
    "pct1ResTime" : 994.4000000000002,
    "pct2ResTime" : 1060.0,
    "pct3ResTime" : 1060.0,
    "throughput" : 1.102049812651532,
    "receivedKBytesPerSec" : 1.7596205504738816,
    "sentKBytesPerSec" : 0.6747902661450298
  },
  "create rm" : {
    "transaction" : "create rm",
    "sampleCount" : 10,
    "errorCount" : 0,
    "errorPct" : 0.0,
    "meanResTime" : 180.8,
    "medianResTime" : 176.5,
    "minResTime" : 167.0,
    "maxResTime" : 218.0,
    "pct1ResTime" : 215.60000000000002,
    "pct2ResTime" : 218.0,
    "pct3ResTime" : 218.0,
    "throughput" : 1.25,
    "receivedKBytesPerSec" : 1.895751953125,
    "sentKBytesPerSec" : 0.670166015625
  },
  "Total" : {
    "transaction" : "Total",
    "sampleCount" : 70,
    "errorCount" : 0,
    "errorPct" : 0.0,
    "meanResTime" : 393.52857142857147,
    "medianResTime" : 221.0,
    "minResTime" : 159.0,
    "maxResTime" : 1331.0,
    "pct1ResTime" : 1179.7,
    "pct2ResTime" : 1296.95,
    "pct3ResTime" : 1331.0,
    "throughput" : 6.8119891008174385,
    "receivedKBytesPerSec" : 9.738825600914753,
    "sentKBytesPerSec" : 6041.900575369794
  },
  "create machine" : {
    "transaction" : "create machine",
    "sampleCount" : 10,
    "errorCount" : 0,
    "errorPct" : 0.0,
    "meanResTime" : 195.3,
    "medianResTime" : 184.5,
    "minResTime" : 172.0,
    "maxResTime" : 254.0,
    "pct1ResTime" : 251.0,
    "pct2ResTime" : 254.0,
    "pct3ResTime" : 254.0,
    "throughput" : 1.2447099825740602,
    "receivedKBytesPerSec" : 1.88165141896938,
    "sentKBytesPerSec" : 0.6989338281055514
  },
  "create human info" : {
    "transaction" : "create human info",
    "sampleCount" : 10,
    "errorCount" : 0,
    "errorPct" : 0.0,
    "meanResTime" : 206.4,
    "medianResTime" : 200.0,
    "minResTime" : 179.0,
    "maxResTime" : 291.0,
    "pct1ResTime" : 283.70000000000005,
    "pct2ResTime" : 291.0,
    "pct3ResTime" : 291.0,
    "throughput" : 1.2342631449024932,
    "receivedKBytesPerSec" : 1.9442055202419155,
    "sentKBytesPerSec" : 0.8075745186373735
  }
}