{
  "edit newReq" : {
    "transaction" : "edit newReq",
    "sampleCount" : 100,
    "errorCount" : 0,
    "errorPct" : 0.0,
    "meanResTime" : 1255.33,
    "medianResTime" : 1234.0,
    "minResTime" : 1099.0,
    "maxResTime" : 1519.0,
    "pct1ResTime" : 1345.9,
    "pct2ResTime" : 1373.85,
    "pct3ResTime" : 1518.7599999999998,
    "throughput" : 1.0051665560983456,
    "receivedKBytesPerSec" : 0.6164498019821885,
    "sentKBytesPerSec" : 6237.195316740546
  },
  "edit machine" : {
    "transaction" : "edit machine",
    "sampleCount" : 100,
    "errorCount" : 0,
    "errorPct" : 0.0,
    "meanResTime" : 153.43000000000004,
    "medianResTime" : 146.0,
    "minResTime" : 137.0,
    "maxResTime" : 287.0,
    "pct1ResTime" : 167.8,
    "pct2ResTime" : 213.5499999999999,
    "pct3ResTime" : 286.77999999999986,
    "throughput" : 1.0185892538833714,
    "receivedKBytesPerSec" : 1.5507623503947034,
    "sentKBytesPerSec" : 0.3789868220015279
  },
  "Total" : {
    "transaction" : "Total",
    "sampleCount" : 700,
    "errorCount" : 0,
    "errorPct" : 0.0,
    "meanResTime" : 353.99857142857104,
    "medianResTime" : 176.5,
    "minResTime" : 136.0,
    "maxResTime" : 1519.0,
    "pct1ResTime" : 1197.0,
    "pct2ResTime" : 1322.9499999999998,
    "pct3ResTime" : 1363.89,
    "throughput" : 6.96649117743653,
    "receivedKBytesPerSec" : 10.06195356584827,
    "sentKBytesPerSec" : 6177.775524726068
  },
  "edit rm" : {
    "transaction" : "edit rm",
    "sampleCount" : 100,
    "errorCount" : 0,
    "errorPct" : 0.0,
    "meanResTime" : 158.03000000000006,
    "medianResTime" : 147.5,
    "minResTime" : 136.0,
    "maxResTime" : 446.0,
    "pct1ResTime" : 175.9,
    "pct2ResTime" : 209.44999999999987,
    "pct3ResTime" : 445.8399999999999,
    "throughput" : 1.0186618857468828,
    "receivedKBytesPerSec" : 1.5598260125499144,
    "sentKBytesPerSec" : 0.3710555501792845
  },
  "edit company" : {
    "transaction" : "edit company",
    "sampleCount" : 100,
    "errorCount" : 0,
    "errorPct" : 0.0,
    "meanResTime" : 275.7200000000001,
    "medianResTime" : 254.5,
    "minResTime" : 219.0,
    "maxResTime" : 982.0,
    "pct1ResTime" : 323.5000000000001,
    "pct2ResTime" : 427.99999999999955,
    "pct3ResTime" : 977.2299999999975,
    "throughput" : 1.0077800620792519,
    "receivedKBytesPerSec" : 1.6494525234812756,
    "sentKBytesPerSec" : 0.41137897065344464
  },
  "edit plant" : {
    "transaction" : "edit plant",
    "sampleCount" : 100,
    "errorCount" : 0,
    "errorPct" : 0.0,
    "meanResTime" : 175.61999999999998,
    "medianResTime" : 166.0,
    "minResTime" : 151.0,
    "maxResTime" : 329.0,
    "pct1ResTime" : 207.4000000000001,
    "pct2ResTime" : 252.0999999999998,
    "pct3ResTime" : 328.8099999999999,
    "throughput" : 1.01592977893368,
    "receivedKBytesPerSec" : 1.690570647756827,
    "sentKBytesPerSec" : 0.4563747053803641
  },
  "edit human info" : {
    "transaction" : "edit human info",
    "sampleCount" : 100,
    "errorCount" : 0,
    "errorPct" : 0.0,
    "meanResTime" : 154.78000000000006,
    "medianResTime" : 146.0,
    "minResTime" : 136.0,
    "maxResTime" : 307.0,
    "pct1ResTime" : 170.9,
    "pct2ResTime" : 213.89999999999998,
    "pct3ResTime" : 306.36999999999966,
    "throughput" : 1.0170560296166717,
    "receivedKBytesPerSec" : 1.6209330472015704,
    "sentKBytesPerSec" : 0.4052332618003926
  },
  "edit newStyle" : {
    "transaction" : "edit newStyle",
    "sampleCount" : 100,
    "errorCount" : 0,
    "errorPct" : 0.0,
    "meanResTime" : 305.0799999999999,
    "medianResTime" : 281.5,
    "minResTime" : 244.0,
    "maxResTime" : 992.0,
    "pct1ResTime" : 361.70000000000005,
    "pct2ResTime" : 464.1999999999998,
    "pct3ResTime" : 988.8799999999984,
    "throughput" : 1.0071913462119533,
    "receivedKBytesPerSec" : 1.5599662842696855,
    "sentKBytesPerSec" : 0.3649101459420261
  }
}