{
  "get rms" : {
    "transaction" : "get rms",
    "sampleCount" : 50,
    "errorCount" : 0,
    "errorPct" : 0.0,
    "meanResTime" : 82.5,
    "medianResTime" : 74.0,
    "minResTime" : 68.0,
    "maxResTime" : 253.0,
    "pct1ResTime" : 101.9,
    "pct2ResTime" : 123.14999999999989,
    "pct3ResTime" : 253.0,
    "throughput" : 0.5194481382978723,
    "receivedKBytesPerSec" : 9.016787752192071,
    "sentKBytesPerSec" : 0.07355466802069481
  },
  "get newStyles" : {
    "transaction" : "get newStyles",
    "sampleCount" : 50,
    "errorCount" : 0,
    "errorPct" : 0.0,
    "meanResTime" : 190.76000000000002,
    "medianResTime" : 163.5,
    "minResTime" : 144.0,
    "maxResTime" : 1137.0,
    "pct1ResTime" : 198.9,
    "pct2ResTime" : 310.44999999999965,
    "pct3ResTime" : 1137.0,
    "throughput" : 0.510178052140197,
    "receivedKBytesPerSec" : 5.971175737207286,
    "sentKBytesPerSec" : 0.07921709989286262
  },
  "get prodAssemblyRMs" : {
    "transaction" : "get prodAssemblyRMs",
    "sampleCount" : 50,
    "errorCount" : 0,
    "errorPct" : 0.0,
    "meanResTime" : 190.32000000000002,
    "medianResTime" : 167.0,
    "minResTime" : 150.0,
    "maxResTime" : 971.0,
    "pct1ResTime" : 211.8,
    "pct2ResTime" : 275.74999999999983,
    "pct3ResTime" : 971.0,
    "throughput" : 0.5098295130108491,
    "receivedKBytesPerSec" : 0.9160999061913696,
    "sentKBytesPerSec" : 0.08414178486214209
  },
  "get plants" : {
    "transaction" : "get plants",
    "sampleCount" : 50,
    "errorCount" : 0,
    "errorPct" : 0.0,
    "meanResTime" : 112.96000000000001,
    "medianResTime" : 98.0,
    "minResTime" : 76.0,
    "maxResTime" : 423.0,
    "pct1ResTime" : 155.39999999999998,
    "pct2ResTime" : 211.69999999999987,
    "pct3ResTime" : 423.0,
    "throughput" : 0.5150285325807049,
    "receivedKBytesPerSec" : 11.678171384757217,
    "sentKBytesPerSec" : 0.07695250535629675
  },
  "get newReqs" : {
    "transaction" : "get newReqs",
    "sampleCount" : 50,
    "errorCount" : 0,
    "errorPct" : 0.0,
    "meanResTime" : 134.02,
    "medianResTime" : 107.5,
    "minResTime" : 68.0,
    "maxResTime" : 489.0,
    "pct1ResTime" : 224.6,
    "pct2ResTime" : 314.5999999999996,
    "pct3ResTime" : 489.0,
    "throughput" : 0.515320477805147,
    "receivedKBytesPerSec" : 9.485620787255094,
    "sentKBytesPerSec" : 0.08102206731116081
  },
  "get styleFormations" : {
    "transaction" : "get styleFormations",
    "sampleCount" : 50,
    "errorCount" : 0,
    "errorPct" : 0.0,
    "meanResTime" : 91.82000000000001,
    "medianResTime" : 84.5,
    "minResTime" : 58.0,
    "maxResTime" : 398.0,
    "pct1ResTime" : 114.9,
    "pct2ResTime" : 163.19999999999968,
    "pct3ResTime" : 398.0,
    "throughput" : 0.517384105960265,
    "receivedKBytesPerSec" : 0.6280355895591887,
    "sentKBytesPerSec" : 0.0762939453125
  },
  "get styleSPOps" : {
    "transaction" : "get styleSPOps",
    "sampleCount" : 50,
    "errorCount" : 0,
    "errorPct" : 0.0,
    "meanResTime" : 203.56,
    "medianResTime" : 177.0,
    "minResTime" : 157.0,
    "maxResTime" : 1104.0,
    "pct1ResTime" : 216.7,
    "pct2ResTime" : 294.1999999999998,
    "pct3ResTime" : 1104.0,
    "throughput" : 0.5099491070791135,
    "receivedKBytesPerSec" : 11.75721530178788,
    "sentKBytesPerSec" : 0.08665150842945873
  },
  "get human info" : {
    "transaction" : "get human info",
    "sampleCount" : 50,
    "errorCount" : 0,
    "errorPct" : 0.0,
    "meanResTime" : 139.32000000000002,
    "medianResTime" : 124.0,
    "minResTime" : 66.0,
    "maxResTime" : 520.0,
    "pct1ResTime" : 214.59999999999994,
    "pct2ResTime" : 303.4499999999996,
    "pct3ResTime" : 520.0,
    "throughput" : 0.5168866881002347,
    "receivedKBytesPerSec" : 3.796896160048794,
    "sentKBytesPerSec" : 0.07723013992122646
  },
  "get styleApplications" : {
    "transaction" : "get styleApplications",
    "sampleCount" : 50,
    "errorCount" : 0,
    "errorPct" : 0.0,
    "meanResTime" : 129.36000000000004,
    "medianResTime" : 118.0,
    "minResTime" : 72.0,
    "maxResTime" : 476.0,
    "pct1ResTime" : 152.79999999999995,
    "pct2ResTime" : 256.84999999999997,
    "pct3ResTime" : 476.0,
    "throughput" : 0.5170630816959669,
    "receivedKBytesPerSec" : 0.7579215679937952,
    "sentKBytesPerSec" : 0.08432571742502586
  },
  "get machines" : {
    "transaction" : "get machines",
    "sampleCount" : 50,
    "errorCount" : 0,
    "errorPct" : 0.0,
    "meanResTime" : 86.19999999999997,
    "medianResTime" : 80.5,
    "minResTime" : 63.0,
    "maxResTime" : 191.0,
    "pct1ResTime" : 115.39999999999999,
    "pct2ResTime" : 162.69999999999987,
    "pct3ResTime" : 191.0,
    "throughput" : 0.5191299382235374,
    "receivedKBytesPerSec" : 4.94795722369309,
    "sentKBytesPerSec" : 0.07249568473238852
  },
  "Total" : {
    "transaction" : "Total",
    "sampleCount" : 700,
    "errorCount" : 0,
    "errorPct" : 0.0,
    "meanResTime" : 140.30714285714282,
    "medianResTime" : 120.0,
    "minResTime" : 58.0,
    "maxResTime" : 1137.0,
    "pct1ResTime" : 198.89999999999998,
    "pct2ResTime" : 244.44999999999925,
    "pct3ResTime" : 488.8700000000001,
    "throughput" : 7.1167141114274095,
    "receivedKBytesPerSec" : 141.21633857767384,
    "sentKBytesPerSec" : 1.1000724379829199
  },
  "get companies" : {
    "transaction" : "get companies",
    "sampleCount" : 50,
    "errorCount" : 0,
    "errorPct" : 0.0,
    "meanResTime" : 199.05999999999995,
    "medianResTime" : 184.0,
    "minResTime" : 145.0,
    "maxResTime" : 979.0,
    "pct1ResTime" : 214.8,
    "pct2ResTime" : 241.54999999999993,
    "pct3ResTime" : 979.0,
    "throughput" : 0.5103342689461597,
    "receivedKBytesPerSec" : 9.47756522709875,
    "sentKBytesPerSec" : 0.07176575657055372
  },
  "get prodAssemblies" : {
    "transaction" : "get prodAssemblies",
    "sampleCount" : 50,
    "errorCount" : 0,
    "errorPct" : 0.0,
    "meanResTime" : 97.67999999999999,
    "medianResTime" : 81.0,
    "minResTime" : 64.0,
    "maxResTime" : 363.0,
    "pct1ResTime" : 193.39999999999986,
    "pct2ResTime" : 235.54999999999984,
    "pct3ResTime" : 363.0,
    "throughput" : 0.5157403969138095,
    "receivedKBytesPerSec" : 0.8688009615979702,
    "sentKBytesPerSec" : 0.08411000613731073
  },
  "get styleSspRMs" : {
    "transaction" : "get styleSspRMs",
    "sampleCount" : 50,
    "errorCount" : 0,
    "errorPct" : 0.0,
    "meanResTime" : 189.85999999999999,
    "medianResTime" : 172.0,
    "minResTime" : 149.0,
    "maxResTime" : 405.0,
    "pct1ResTime" : 288.9,
    "pct2ResTime" : 313.3499999999999,
    "pct3ResTime" : 405.0,
    "throughput" : 0.5139802631578947,
    "receivedKBytesPerSec" : 49.851066187808385,
    "sentKBytesPerSec" : 0.08281908537212171
  },
  "get sspAddToSps" : {
    "transaction" : "get sspAddToSps",
    "sampleCount" : 50,
    "errorCount" : 0,
    "errorPct" : 0.0,
    "meanResTime" : 116.88000000000001,
    "medianResTime" : 101.5,
    "minResTime" : 86.0,
    "maxResTime" : 547.0,
    "pct1ResTime" : 126.5,
    "pct2ResTime" : 211.09999999999985,
    "pct3ResTime" : 547.0,
    "throughput" : 0.5155595883772246,
    "receivedKBytesPerSec" : 23.716244541512857,
    "sentKBytesPerSec" : 0.08307356648656451
  }
}