{
  "get rms" : {
    "transaction" : "get rms",
    "sampleCount" : 10,
    "errorCount" : 0,
    "errorPct" : 0.0,
    "meanResTime" : 80.50000000000001,
    "medianResTime" : 73.0,
    "minResTime" : 70.0,
    "maxResTime" : 135.0,
    "pct1ResTime" : 130.70000000000002,
    "pct2ResTime" : 135.0,
    "pct3ResTime" : 135.0,
    "throughput" : 0.5804841237592151,
    "receivedKBytesPerSec" : 10.076274706855518,
    "sentKBytesPerSec" : 0.08219745893074824
  },
  "get newStyles" : {
    "transaction" : "get newStyles",
    "sampleCount" : 10,
    "errorCount" : 0,
    "errorPct" : 0.0,
    "meanResTime" : 281.70000000000005,
    "medianResTime" : 227.0,
    "minResTime" : 179.0,
    "maxResTime" : 752.0,
    "pct1ResTime" : 709.3000000000002,
    "pct2ResTime" : 752.0,
    "pct3ResTime" : 752.0,
    "throughput" : 0.5520896593606802,
    "receivedKBytesPerSec" : 6.46171344476343,
    "sentKBytesPerSec" : 0.08572485921713686
  },
  "get prodAssemblyRMs" : {
    "transaction" : "get prodAssemblyRMs",
    "sampleCount" : 10,
    "errorCount" : 0,
    "errorPct" : 0.0,
    "meanResTime" : 261.8,
    "medianResTime" : 212.5,
    "minResTime" : 168.0,
    "maxResTime" : 786.0,
    "pct1ResTime" : 730.6000000000001,
    "pct2ResTime" : 786.0,
    "pct3ResTime" : 786.0,
    "throughput" : 0.5522726017562269,
    "receivedKBytesPerSec" : 0.9923648312807202,
    "sentKBytesPerSec" : 0.09114655243828354
  },
  "get plants" : {
    "transaction" : "get plants",
    "sampleCount" : 10,
    "errorCount" : 0,
    "errorPct" : 0.0,
    "meanResTime" : 129.1,
    "medianResTime" : 118.5,
    "minResTime" : 78.0,
    "maxResTime" : 230.0,
    "pct1ResTime" : 223.50000000000003,
    "pct2ResTime" : 230.0,
    "pct3ResTime" : 230.0,
    "throughput" : 0.5744155321959906,
    "receivedKBytesPerSec" : 13.024760002010455,
    "sentKBytesPerSec" : 0.08582575822850251
  },
  "get newReqs" : {
    "transaction" : "get newReqs",
    "sampleCount" : 10,
    "errorCount" : 0,
    "errorPct" : 0.0,
    "meanResTime" : 136.4,
    "medianResTime" : 130.0,
    "minResTime" : 96.0,
    "maxResTime" : 227.0,
    "pct1ResTime" : 219.50000000000003,
    "pct2ResTime" : 227.0,
    "pct3ResTime" : 227.0,
    "throughput" : 0.5712653527563554,
    "receivedKBytesPerSec" : 10.515410775492716,
    "sentKBytesPerSec" : 0.08981808768923165
  },
  "get styleFormations" : {
    "transaction" : "get styleFormations",
    "sampleCount" : 10,
    "errorCount" : 0,
    "errorPct" : 0.0,
    "meanResTime" : 89.7,
    "medianResTime" : 80.0,
    "minResTime" : 57.0,
    "maxResTime" : 155.0,
    "pct1ResTime" : 152.0,
    "pct2ResTime" : 155.0,
    "pct3ResTime" : 155.0,
    "throughput" : 0.5751754285056943,
    "receivedKBytesPerSec" : 0.6981865797193144,
    "sentKBytesPerSec" : 0.0848159079144139
  },
  "get styleSPOps" : {
    "transaction" : "get styleSPOps",
    "sampleCount" : 10,
    "errorCount" : 0,
    "errorPct" : 0.0,
    "meanResTime" : 266.40000000000003,
    "medianResTime" : 227.5,
    "minResTime" : 200.0,
    "maxResTime" : 683.0,
    "pct1ResTime" : 639.3000000000002,
    "pct2ResTime" : 683.0,
    "pct3ResTime" : 683.0,
    "throughput" : 0.5526388505111909,
    "receivedKBytesPerSec" : 12.741455685272175,
    "sentKBytesPerSec" : 0.09390542967670627
  },
  "get human info" : {
    "transaction" : "get human info",
    "sampleCount" : 10,
    "errorCount" : 0,
    "errorPct" : 0.0,
    "meanResTime" : 115.1,
    "medianResTime" : 115.5,
    "minResTime" : 64.0,
    "maxResTime" : 140.0,
    "pct1ResTime" : 140.0,
    "pct2ResTime" : 140.0,
    "pct3ResTime" : 140.0,
    "throughput" : 0.5774005427565101,
    "receivedKBytesPerSec" : 4.241412971303193,
    "sentKBytesPerSec" : 0.08627176078295513
  },
  "get styleApplications" : {
    "transaction" : "get styleApplications",
    "sampleCount" : 10,
    "errorCount" : 0,
    "errorPct" : 0.0,
    "meanResTime" : 105.1,
    "medianResTime" : 112.5,
    "minResTime" : 63.0,
    "maxResTime" : 146.0,
    "pct1ResTime" : 145.1,
    "pct2ResTime" : 146.0,
    "pct3ResTime" : 146.0,
    "throughput" : 0.5791729410401947,
    "receivedKBytesPerSec" : 0.8489634614270822,
    "sentKBytesPerSec" : 0.09445496206417237
  },
  "get machines" : {
    "transaction" : "get machines",
    "sampleCount" : 10,
    "errorCount" : 0,
    "errorPct" : 0.0,
    "meanResTime" : 96.6,
    "medianResTime" : 73.0,
    "minResTime" : 67.0,
    "maxResTime" : 236.0,
    "pct1ResTime" : 224.30000000000004,
    "pct2ResTime" : 236.0,
    "pct3ResTime" : 236.0,
    "throughput" : 0.578938227291148,
    "receivedKBytesPerSec" : 5.518004978868754,
    "sentKBytesPerSec" : 0.08084781885022868
  },
  "Total" : {
    "transaction" : "Total",
    "sampleCount" : 140,
    "errorCount" : 0,
    "errorPct" : 0.0,
    "meanResTime" : 163.942857142857,
    "medianResTime" : 134.0,
    "minResTime" : 57.0,
    "maxResTime" : 786.0,
    "pct1ResTime" : 237.8,
    "pct2ResTime" : 310.0499999999998,
    "pct3ResTime" : 772.0600000000002,
    "throughput" : 7.592602635717772,
    "receivedKBytesPerSec" : 150.65935313737188,
    "sentKBytesPerSec" : 1.1736333315255707
  },
  "get companies" : {
    "transaction" : "get companies",
    "sampleCount" : 10,
    "errorCount" : 0,
    "errorPct" : 0.0,
    "meanResTime" : 278.1,
    "medianResTime" : 218.5,
    "minResTime" : 158.0,
    "maxResTime" : 749.0,
    "pct1ResTime" : 707.3000000000002,
    "pct2ResTime" : 749.0,
    "pct3ResTime" : 749.0,
    "throughput" : 0.5533421868083223,
    "receivedKBytesPerSec" : 10.276277701693228,
    "sentKBytesPerSec" : 0.07781374501992032
  },
  "get prodAssemblies" : {
    "transaction" : "get prodAssemblies",
    "sampleCount" : 10,
    "errorCount" : 0,
    "errorPct" : 0.0,
    "meanResTime" : 128.6,
    "medianResTime" : 121.0,
    "minResTime" : 71.0,
    "maxResTime" : 292.0,
    "pct1ResTime" : 279.00000000000006,
    "pct2ResTime" : 292.0,
    "pct3ResTime" : 292.0,
    "throughput" : 0.5721151095600434,
    "receivedKBytesPerSec" : 0.9637681288975343,
    "sentKBytesPerSec" : 0.0933039290005149
  },
  "get styleSspRMs" : {
    "transaction" : "get styleSspRMs",
    "sampleCount" : 10,
    "errorCount" : 0,
    "errorPct" : 0.0,
    "meanResTime" : 199.89999999999998,
    "medianResTime" : 191.5,
    "minResTime" : 153.0,
    "maxResTime" : 311.0,
    "pct1ResTime" : 301.30000000000007,
    "pct2ResTime" : 311.0,
    "pct3ResTime" : 311.0,
    "throughput" : 0.5705808513066302,
    "receivedKBytesPerSec" : 55.34077049811708,
    "sentKBytesPerSec" : 0.09193929732968162
  },
  "get sspAddToSps" : {
    "transaction" : "get sspAddToSps",
    "sampleCount" : 10,
    "errorCount" : 0,
    "errorPct" : 0.0,
    "meanResTime" : 126.20000000000002,
    "medianResTime" : 115.0,
    "minResTime" : 97.0,
    "maxResTime" : 238.0,
    "pct1ResTime" : 227.50000000000006,
    "pct2ResTime" : 238.0,
    "pct3ResTime" : 238.0,
    "throughput" : 0.5776340110905731,
    "receivedKBytesPerSec" : 26.571728605880313,
    "sentKBytesPerSec" : 0.09307579280268022
  }
}