{
  "create plant" : {
    "transaction" : "create plant",
    "sampleCount" : 100,
    "errorCount" : 0,
    "errorPct" : 0.0,
    "meanResTime" : 208.92999999999998,
    "medianResTime" : 169.0,
    "minResTime" : 159.0,
    "maxResTime" : 1249.0,
    "pct1ResTime" : 251.8,
    "pct2ResTime" : 402.3999999999994,
    "pct3ResTime" : 1245.2899999999981,
    "throughput" : 1.0241599328151083,
    "receivedKBytesPerSec" : 1.6991053322886902,
    "sentKBytesPerSec" : 0.7479568009340338
  },
  "create newStyle" : {
    "transaction" : "create newStyle",
    "sampleCount" : 100,
    "errorCount" : 0,
    "errorPct" : 0.0,
    "meanResTime" : 339.02,
    "medianResTime" : 277.5,
    "minResTime" : 256.0,
    "maxResTime" : 1914.0,
    "pct1ResTime" : 428.0000000000001,
    "pct2ResTime" : 750.4999999999974,
    "pct3ResTime" : 1907.1499999999965,
    "throughput" : 1.0094076795736262,
    "receivedKBytesPerSec" : 1.554448396555901,
    "sentKBytesPerSec" : 0.443508499212662
  },
  "create newReq" : {
    "transaction" : "create newReq",
    "sampleCount" : 100,
    "errorCount" : 0,
    "errorPct" : 0.0,
    "meanResTime" : 1283.0400000000002,
    "medianResTime" : 1281.5,
    "minResTime" : 886.0,
    "maxResTime" : 1647.0,
    "pct1ResTime" : 1445.1000000000001,
    "pct2ResTime" : 1538.5,
    "pct3ResTime" : 1646.83,
    "throughput" : 1.0141370707664847,
    "receivedKBytesPerSec" : 0.6189801457314971,
    "sentKBytesPerSec" : 6292.853282967695
  },
  "create company" : {
    "transaction" : "create company",
    "sampleCount" : 100,
    "errorCount" : 0,
    "errorPct" : 0.0,
    "meanResTime" : 310.98,
    "medianResTime" : 262.5,
    "minResTime" : 247.0,
    "maxResTime" : 1660.0,
    "pct1ResTime" : 402.0000000000001,
    "pct2ResTime" : 482.9,
    "pct3ResTime" : 1652.8099999999963,
    "throughput" : 1.0095911155981827,
    "receivedKBytesPerSec" : 1.6128218071680969,
    "sentKBytesPerSec" : 0.6180196239273095
  },
  "create rm" : {
    "transaction" : "create rm",
    "sampleCount" : 100,
    "errorCount" : 0,
    "errorPct" : 0.0,
    "meanResTime" : 203.88,
    "medianResTime" : 173.5,
    "minResTime" : 160.0,
    "maxResTime" : 910.0,
    "pct1ResTime" : 294.0000000000003,
    "pct2ResTime" : 375.7499999999997,
    "pct3ResTime" : 907.2199999999985,
    "throughput" : 1.0371937685398387,
    "receivedKBytesPerSec" : 1.573860512996038,
    "sentKBytesPerSec" : 0.5559115507084034
  },
  "Total" : {
    "transaction" : "Total",
    "sampleCount" : 700,
    "errorCount" : 0,
    "errorPct" : 0.0,
    "meanResTime" : 392.805714285714,
    "medianResTime" : 235.0,
    "minResTime" : 159.0,
    "maxResTime" : 1914.0,
    "pct1ResTime" : 1204.6999999999998,
    "pct2ResTime" : 1321.0,
    "pct3ResTime" : 1538.9,
    "throughput" : 6.96358047412035,
    "receivedKBytesPerSec" : 9.959260722670434,
    "sentKBytesPerSec" : 6176.360457075122
  },
  "create machine" : {
    "transaction" : "create machine",
    "sampleCount" : 100,
    "errorCount" : 0,
    "errorPct" : 0.0,
    "meanResTime" : 202.53999999999996,
    "medianResTime" : 181.0,
    "minResTime" : 166.0,
    "maxResTime" : 469.0,
    "pct1ResTime" : 285.30000000000007,
    "pct2ResTime" : 337.5499999999999,
    "pct3ResTime" : 468.70999999999987,
    "throughput" : 1.0346611484738748,
    "receivedKBytesPerSec" : 1.5644804061045008,
    "sentKBytesPerSec" : 0.5803398215209519
  },
  "create human info" : {
    "transaction" : "create human info",
    "sampleCount" : 100,
    "errorCount" : 0,
    "errorPct" : 0.0,
    "meanResTime" : 201.2499999999999,
    "medianResTime" : 179.0,
    "minResTime" : 167.0,
    "maxResTime" : 559.0,
    "pct1ResTime" : 238.0,
    "pct2ResTime" : 411.29999999999984,
    "pct3ResTime" : 558.1899999999996,
    "throughput" : 1.0314488762364493,
    "receivedKBytesPerSec" : 1.6245521255582718,
    "sentKBytesPerSec" : 0.673745629235387
  }
}